INSERT INTO USER (ID, EMAIL, PASSWORD, ROLE, FAILS, ENABLED, CREATED, LAST_UPDATE) VALUES
  (1, 'ADMIN@SPRING.IO', 'spring', 'ADMIN', 0, 1, NOW(), NOW()),
  (2, 'USER@SPRING.IO', 'spring', 'USER', 0, 1, NOW(), NOW());

INSERT INTO CATEGORY (ID, NAME, CREATED, LAST_UPDATE) VALUES
  (1, 'BIOQUÍMICA', NOW(), NOW()),
  (2, 'HEMATOLOGÍA', NOW(), NOW()),
  (3, 'INMUNOLOGÍA', NOW(), NOW()),
  (4, 'COAGULACIÓN', NOW(), NOW()),
  (5, 'PRUEBAS GENÉTICAS', NOW(), NOW()),
  (6, 'HORMONAS', NOW(), NOW()),
  (7, 'INTOLERANCIA Y ALERGIA', NOW(), NOW()),
  (8, 'ORINA', NOW(), NOW()),
  (9, 'SEMEN', NOW(), NOW()),
  (10, 'HECES', NOW(), NOW()),
  (11, 'EXUDADOS', NOW(), NOW()),
  (12, 'CÁLCULOS RENALES', NOW(), NOW());

INSERT INTO SUBCATEGORY (ID, NAME, CREATED, LAST_UPDATE, CATEGORY) VALUES
  (1, 'PRUEBAS HEPÁTICAS', NOW(), NOW(), 1),
  (2, 'PRUEBAS RENALES', NOW(), NOW(), 1),
  (3, 'CONTROL LIPÍDICO', NOW(), NOW(), 1),
  (4, 'IONES', NOW(), NOW(), 1),
  (5, 'CONTROL DIABETES', NOW(), NOW(), 1),
  (6, 'VITAMINAS', NOW(), NOW(), 1),
  (7, 'ESTUDIO FÉRRICO', NOW(), NOW(), 1),
  (8, 'PRUEBAS REUMÁTICAS', NOW(), NOW(), 1),
  (9,  'HEMOGRAMA', NOW(), NOW(), 2),
  (10, 'VELOCIDAD DE SEDIMENTACIÓN', NOW(), NOW(), 2),
  (11, 'ESTUDIO DE ANEMIAS', NOW(), NOW(), 2),
  (12, 'GRUPO SANGUÍNEO Y FACTOR RH', NOW(), NOW(), 2),
  (13, 'ENFERMEDADES AUTOINMUNES', NOW(), NOW(), 3),
  (14, 'SEROLOGÍA', NOW(), NOW(), 3),
  (15, 'PREOPERATORIO', NOW(), NOW(), 4),
  (16, 'CONTROL DE SINTROM', NOW(), NOW(), 4),
  (17, 'PRUEBAS DE PATERNIDAD', NOW(), NOW(), 5),
  (18, 'TEST COMBINADO EN EMBARAZADAS', NOW(), NOW(), 5),
  (19, 'CARIOTIPOS', NOW(), NOW(), 5),
  (20, 'DETECCIÓN DE ATAXIAS', NOW(), NOW(), 5),
  (21, 'TIROIDEAS', NOW(), NOW(), 6),
  (22, 'OVÁRICAS', NOW(), NOW(), 6),
  (23, 'MARCADORES TUMORALES', NOW(), NOW(), 6),
  (24, 'ALIMENTOS', NOW(), NOW(), 7),
  (25, 'MEDICAMENTOS', NOW(), NOW(), 7),
  (26, 'ESPECIES VEGETALES Y ANIMALES', NOW(), NOW(), 7),
  (27, 'GLUTEN', NOW(), NOW(), 7),
  (28, 'LACTOSA', NOW(), NOW(), 7),
  (29, 'ESTUDIO MICROBIOLÓGICO (SISTEMÁTICO, UROCULTIVO Y ANTIBIOGRAMA)', NOW(), NOW(), 8),
  (30, 'TOXICOLOGÍA', NOW(), NOW(), 8),
  (31, 'DIAGNÓSTICO DE EMBARAZO', NOW(), NOW(), 8),
  (32, 'ESTUDIO DE FERTILIDAD (SEMINOGRAMA)', NOW(), NOW(), 9),
  (33, 'CONTROL POSTVASECTOMÍA', NOW(), NOW(), 9),
  (34, 'ESTUDIO MICROBIOLÓGICO', NOW(), NOW(), 9),
  (35, 'PARÁSITOS', NOW(), NOW(), 10),
  (36, 'SANGRE OCULTA', NOW(), NOW(), 10),
  (37, 'DIGESTIÓN DE PRINCIPIOS INMEDIATOS', NOW(), NOW(), 10),
  (38, 'COPROCULTIVO Y ANTIBIOGRAMA', NOW(), NOW(), 10),
  (39, 'DETECCION DE HELICOBACTER PYLORI', NOW(), NOW(), 10),
  (40, 'ESTUDIO MICROBIOLÓGICO', NOW(), NOW(), 11),
  (41, 'CITOLOGÍAS', NOW(), NOW(), 11),
  (42, 'ANATOMÍA PATOLÓGICA', NOW(), NOW(), 11),
  (43, 'ESTUDIO DE COMPOSICIÓN', NOW(), NOW(), 12);